Gain,Gain_err,Bias,Bias_err
28.588785046728912,4.506817429060174,150,1
35.57381615598884,5.198741290892611,175,1
57.131284916200926,8.392495168366416,200,1
51.691029900332396,8.887339844065707,210,1
108.98692810457506,19.759259174154728,220,1
221.4587155963296,51.02499529353581,230,1
237.9506172839498,40.74973430130014,240,1
295.2799999999999,40.17196226980957,245,1
451.191011235955,68.28616613065869,250,1
