Gain,Gain_err,Bias,Bias_err
22.05069501226489,0.9642402018798658,150,1
44.61642743221694,1.760767212424633,200,1
71.54465709728873,2.922524697352382,220,1
141.03900975243798,5.312807854778024,240,1
250.6640253565768,10.695004388834151,250,1
